{"cameraMode":{"drawMode":0,"name":"Shaded","section":"Shading Mode"},"sceneLighting":false,"audioPlay":false,"sceneViewState":{"m_AlwaysRefresh":false,"showFog":false,"showSkybox":false,"showFlares":false,"showImageEffects":false,"showParticleSystems":false,"showVisualEffectGraphs":true,"m_FxEnabled":true},"in2DMode":false,"pivot":{"x":0.06716179102659226,"y":1.0534061193466187,"z":-0.4278181195259094},"rotation":{"x":0.0008831501472741365,"y":-0.9918997883796692,"z":0.12746739387512208,"w":0.005968605633825064},"size":1.4913029670715333,"orthographic":false}