{"cameraMode":{"drawMode":0,"name":"Shaded","section":"Shading Mode"},"sceneLighting":true,"audioPlay":false,"sceneViewState":{"m_AlwaysRefresh":false,"showFog":true,"showSkybox":true,"showFlares":true,"showImageEffects":true,"showParticleSystems":true,"showVisualEffectGraphs":true,"m_FxEnabled":true},"in2DMode":false,"pivot":{"x":11.881149291992188,"y":2.3189163208007814,"z":47.46160125732422},"rotation":{"x":-0.03191729635000229,"y":0.9073408246040344,"z":-0.07010111212730408,"w":-0.41333961486816409},"size":1.6137745380401612,"orthographic":false}