{"cameraMode":{"drawMode":0,"name":"Shaded","section":"Shading Mode"},"sceneLighting":true,"audioPlay":false,"sceneViewState":{"m_AlwaysRefresh":false,"showFog":true,"showSkybox":true,"showFlares":true,"showImageEffects":true,"showParticleSystems":true,"showVisualEffectGraphs":true,"m_FxEnabled":true},"in2DMode":false,"pivot":{"x":-14.889265060424805,"y":2.2016968727111818,"z":-15.257256507873536},"rotation":{"x":0.20204003155231477,"y":0.5613259673118591,"z":-0.14362868666648866,"w":0.7896057963371277},"size":1.6501421928405762,"orthographic":false}