{"cameraMode":{"drawMode":0,"name":"Shaded","section":"Shading Mode"},"sceneLighting":true,"audioPlay":false,"sceneViewState":{"m_AlwaysRefresh":false,"showFog":true,"showSkybox":true,"showFlares":true,"showImageEffects":true,"showParticleSystems":true,"showVisualEffectGraphs":true,"m_FxEnabled":true},"in2DMode":false,"pivot":{"x":10.606225967407227,"y":3.457749843597412,"z":-7.287581443786621},"rotation":{"x":0.09707774966955185,"y":-0.37896817922592165,"z":0.039897333830595019,"w":0.9195245504379273},"size":4.798317909240723,"orthographic":false}