{"cameraMode":{"drawMode":0,"name":"Shaded","section":"Shading Mode"},"sceneLighting":true,"audioPlay":false,"sceneViewState":{"m_AlwaysRefresh":false,"showFog":true,"showSkybox":true,"showFlares":true,"showImageEffects":true,"showParticleSystems":true,"showVisualEffectGraphs":true,"m_FxEnabled":true},"in2DMode":false,"pivot":{"x":52.76604461669922,"y":2.2884504795074465,"z":47.97349166870117},"rotation":{"x":0.0005960152484476566,"y":-0.9992663264274597,"z":0.01678907684981823,"w":0.0347881019115448},"size":1.94020414352417,"orthographic":false}