{"cameraMode":{"drawMode":0,"name":"Shaded","section":"Shading Mode"},"sceneLighting":true,"audioPlay":false,"sceneViewState":{"m_AlwaysRefresh":false,"showFog":true,"showSkybox":true,"showFlares":true,"showImageEffects":true,"showParticleSystems":true,"showVisualEffectGraphs":true,"m_FxEnabled":true},"in2DMode":false,"pivot":{"x":3.5540781021118166,"y":0.9558777213096619,"z":45.536808013916019},"rotation":{"x":0.13045066595077516,"y":-0.7122182250022888,"z":0.13723322749137879,"w":0.6760687828063965},"size":1.5331932306289673,"orthographic":false}