{"cameraMode":{"drawMode":0,"name":"Shaded","section":"Shading Mode"},"sceneLighting":false,"audioPlay":false,"sceneViewState":{"m_AlwaysRefresh":false,"showFog":true,"showSkybox":false,"showFlares":true,"showImageEffects":true,"showParticleSystems":true,"showVisualEffectGraphs":true,"m_FxEnabled":true},"in2DMode":false,"pivot":{"x":0.000008106231689453125,"y":0.83387291431427,"z":-0.006626203656196594},"rotation":{"x":-0.012162916362285614,"y":0.46044912934303286,"z":-0.006180138327181339,"w":-0.8876695036888123},"size":1.3401196002960206,"orthographic":false}