{"cameraMode":{"drawMode":0,"name":"Shaded","section":"Shading Mode"},"sceneLighting":true,"audioPlay":false,"sceneViewState":{"m_AlwaysRefresh":false,"showFog":true,"showSkybox":true,"showFlares":true,"showImageEffects":true,"showParticleSystems":true,"showVisualEffectGraphs":true,"m_FxEnabled":true},"in2DMode":false,"pivot":{"x":91.77840423583985,"y":0.08228552341461182,"z":1.521972894668579},"rotation":{"x":0.03156502917408943,"y":-0.840300977230072,"z":0.04921373352408409,"w":0.5389575958251953},"size":1.6082124710083008,"orthographic":false}